Page,Job URLs Found,Rows Added,Timestamp
4001,35,50,2026-09-28T17:37:52
4002,35,56,2026-09-28T17:38:45
4003,35,52,2026-09-28T17:39:36
4004,35,53,2026-09-28T17:40:30
4005,35,52,2026-09-28T17:41:23
4006,35,64,2026-09-28T17:42:14
4007,35,45,2026-09-28T17:43:07
4008,35,46,2026-09-28T17:43:58
4009,35,43,2026-09-28T17:44:48
4010,35,52,2026-09-28T17:45:39
4011,35,41,2026-09-28T17:46:30
4012,35,47,2026-09-28T17:47:21
4013,35,71,2026-09-28T17:48:11
4014,35,54,2026-09-28T17:49:00
4015,35,47,2026-09-28T17:49:50
4016,35,50,2026-09-28T18:07:39
4017,35,48,2026-09-28T18:09:29
4018,35,76,2026-09-28T18:13:23
4019,35,51,2026-09-28T18:15:43
4020,35,53,2026-09-28T18:17:20
4021,35,42,2026-09-28T18:19:44
4022,35,66,2026-09-28T18:21:23
4023,35,49,2026-09-28T18:23:14
4024,35,82,2026-09-28T18:25:26
4025,35,49,2026-09-28T18:47:20
4026,35,48,2026-09-28T18:48:10
4027,35,108,2026-09-28T18:49:01
4028,35,53,2026-09-28T18:49:52
4029,35,49,2026-09-28T18:50:46
4030,35,38,2026-09-28T18:51:38
4031,35,52,2026-09-28T18:52:29
4032,35,44,2026-09-28T18:53:19
4033,35,53,2026-09-28T18:54:08
4034,35,56,2026-09-28T18:54:57
4035,35,78,2026-09-28T18:55:46
4036,35,48,2026-09-28T18:56:36
4037,35,51,2026-09-28T18:57:26
4038,35,59,2026-09-28T18:58:16
4039,35,44,2026-09-28T18:59:05
4040,35,49,2026-09-28T19:07:25
4041,35,52,2026-09-28T19:08:14
4042,35,46,2026-09-28T19:09:04
4043,35,55,2026-09-28T19:09:52
4044,35,65,2026-09-28T19:10:43
4045,35,48,2026-09-28T19:11:31
4046,35,45,2026-09-28T19:12:19
4047,35,54,2026-09-28T19:13:07
4048,35,72,2026-09-28T19:13:55
4049,35,52,2026-09-28T19:14:43
4050,35,49,2026-09-28T19:15:31
4051,35,41,2026-09-28T19:16:18
4052,35,47,2026-09-28T19:17:06
4053,35,54,2026-09-28T19:17:54
4054,35,49,2026-09-28T19:18:40
4055,35,64,2026-09-28T19:22:00
4056,35,59,2026-09-28T19:22:53
4057,35,57,2026-09-28T19:23:47
4058,35,42,2026-09-28T19:24:39
4059,35,54,2026-09-28T19:25:30
4060,35,47,2026-09-28T19:26:22
4061,35,50,2026-09-28T19:27:12
4062,35,57,2026-09-28T19:28:05
4063,35,64,2026-09-28T19:28:57
4064,35,63,2026-09-28T19:29:47
4065,35,46,2026-09-28T19:30:38
4066,35,49,2026-09-28T19:31:29
4067,35,59,2026-09-28T19:32:21
4068,35,63,2026-09-28T19:33:11
4069,35,55,2026-09-28T19:34:01
